{
  "mean_iou": 0.9420415169000625,
  "n_samples": 500,
  "overall": {
    "spearman": 0.018892974227936555,
    "pearson": 0.009435177366337906,
    "ssim": 0.0031044658591398476,
    "mutual_info": 0.2598363849876066,
    "topk_iou": 0.11521062025400895,
    "partial_spearman_rho": 0.03394862364027714,
    "partial_spearman_full": 0.02196524379154828,
    "in_material_spearman": -0.05298363196284872,
    "material_frac": 0.496888125,
    "mas": 0.09810016150735297
  },
  "overall_competition": {
    "sensitivity": 0.018892974227936555,
    "density": 0.0053588032273355875,
    "edges": 0.17621978746951342,
    "dist_to_bc": 0.010939136312000238,
    "random": -0.008052741124132057,
    "input_gradient": 0.11459813966921743
  },
  "per_gate": [
    {
      "gate": 0,
      "res": 40,
      "align_mean": {
        "spearman": -0.2875844476358037,
        "pearson": -0.024522577148834507,
        "ssim": 0.0052276960099197555,
        "mutual_info": 0.2285374116582976,
        "topk_iou": 0.07428908932366761,
        "partial_spearman_rho": 0.04503597264563162,
        "partial_spearman_full": 0.02775315113615085,
        "in_material_spearman": -0.2081136983900728,
        "material_frac": 0.49673625,
        "mas": 0.04250978633349198
      },
      "competition_mean": {
        "sensitivity": -0.2875844476358037,
        "density": -0.3409666446847171,
        "edges": 0.3551942938022622,
        "dist_to_bc": -0.022712630588085196,
        "random": 0.002829006882095305,
        "input_gradient": 0.30294966755815567
      }
    },
    {
      "gate": 1,
      "res": 20,
      "align_mean": {
        "spearman": 0.3253703960916768,
        "pearson": 0.04339293188151031,
        "ssim": 0.000981235708359939,
        "mutual_info": 0.29113535831691556,
        "topk_iou": 0.1561321511843503,
        "partial_spearman_rho": 0.02286127463492267,
        "partial_spearman_full": 0.016177336446945717,
        "in_material_spearman": 0.10214643446437532,
        "material_frac": 0.49704000000000004,
        "mas": 0.15369053668121394
      },
      "competition_mean": {
        "sensitivity": 0.3253703960916768,
        "density": 0.3516842511393883,
        "edges": -0.002754718863235434,
        "dist_to_bc": 0.04459090321208568,
        "random": -0.018934489130359416,
        "input_gradient": -0.0737533882197208
      }
    }
  ],
  "randomization": {
    "stages": [
      "trained",
      "out_conv",
      "dec1",
      "att1",
      "dec2",
      "att2",
      "enc3",
      "enc2",
      "enc1"
    ],
    "alignment": [
      0.07035579932007774,
      0.07035579932007774,
      0.07035579932007774,
      0.02437140320117745,
      0.19940898702196144,
      0.19667730444051634,
      0.16372818802153238,
      0.04392921530681969,
      -0.12267804671064149
    ]
  }
}